Seed,Dataset,V2_Fed_Accuracy,V2_Fed_Precision,V2_Fed_Recall,V2_Fed_F1,V2_Fed_ROC-AUC,V3_Fed_Accuracy,V3_Fed_Precision,V3_Fed_Recall,V3_Fed_F1,V3_Fed_ROC-AUC,V3_minus_V2_Accuracy,V3_minus_V2_Precision,V3_minus_V2_Recall,V3_minus_V2_F1,V3_minus_V2_ROC-AUC
42,Dataset 1,0.96785,0.9482612383375744,0.6576470588235294,0.7766585620006947,0.9636010446801672,0.971,0.9651162790697675,0.6835294117647058,0.800275482093664,0.9740739312118291,0.003149999999999986,0.016855040732193127,0.025882352941176467,0.02361692009296923,0.010472886531661896
42,Dataset 2,0.91135,0.9885353969618802,0.86225,0.9210842569101348,0.942083859375,0.9156,0.995197848636189,0.8635,0.9246832054256648,0.9419650625,0.004249999999999976,0.006662451674308789,0.0012500000000000844,0.0035989485155299983,-0.00011879687500004898
52,Dataset 1,0.9703,0.9783737024221452,0.6652941176470588,0.792016806722689,0.9709429283188686,0.9708,0.9673366834170855,0.6794117647058824,0.7982031789910159,0.9742811475409837,0.0004999999999999449,-0.011037019005059712,0.014117647058823568,0.006186372268326856,0.0033382192221150797
52,Dataset 2,0.9113,0.9894696534558682,0.8613333333333333,0.9209658736523212,0.941525015625,0.91365,0.991014243380174,0.8639166666666667,0.9231111704732647,0.9418046510416668,0.0023499999999999632,0.0015445899243057282,0.002583333333333382,0.002145296820943554,0.00027963541666675695
62,Dataset 1,0.962,0.8666146645865834,0.6535294117647059,0.7451374916163649,0.9673105593056894,0.9702,0.9451612903225807,0.6894117647058824,0.7972789115646258,0.9756080520732884,0.008199999999999985,0.07854662573599724,0.035882352941176476,0.052141419948260936,0.008297492767598946
62,Dataset 2,0.91215,0.9848527880337026,0.8669166666666667,0.922129149492532,0.9419494375,0.91215,0.986603325415677,0.8653333333333333,0.9219977802441731,0.9414135260416667,0.0,0.001750537381974393,-0.001583333333333381,-0.0001313692483588813,-0.0005359114583333158
72,Dataset 1,0.9703,0.9431089743589745,0.6923529411764706,0.7985074626865671,0.9712614432658307,0.9718,0.9922010398613518,0.6735294117647059,0.8023826208829713,0.9732474124075859,0.0014999999999999458,0.049092065502377324,-0.018823529411764683,0.0038751581964041604,0.001985969141755195
72,Dataset 2,0.91215,0.9900487991579752,0.86225,0.9217406797024632,0.9415325520833334,0.9123,0.9886493704692866,0.86375,0.9219889699341755,0.9424961979166667,0.00014999999999998348,-0.0013994286886885865,0.0015000000000000568,0.00024829023171224485,0.0009636458333333042
82,Dataset 1,0.97115,0.9706621961441744,0.6811764705882353,0.8005530591081922,0.9724274991964,0.97105,0.9659185369908562,0.6835294117647058,0.8005511539786427,0.9759754580520732,-9.999999999998899e-05,-0.004743659153318203,0.0023529411764705577,-1.9051295494509901e-06,0.003547958855673161
82,Dataset 2,0.91295,0.992984142239308,0.861,0.9222941307743808,0.9416772604166668,0.91235,0.9903340032538999,0.8623333333333333,0.9219118891710099,0.9420841458333333,-0.0006000000000000449,-0.0026501389854081125,0.0013333333333332975,-0.0003822416033709697,0.0004068854166665581
